{"desenho": {
    "triangulo": [
        {
            "p1": {
                "x": 0.27466666666666667,
                "y": 0.438
            },
            "p2": {
                "x": 0.30866666666666664,
                "y": 0.36
            },
            "esp": 4,
            "p3": {
                "x": 0.37933333333333336,
                "y": 0.484
            },
            "cor": {
                "r": 153,
                "b": 255,
                "g": 153
            },
            "id": "triangulo_1"
        },
        {
            "p1": {
                "x": 0.4593333333333333,
                "y": 0.35
            },
            "p2": {
                "x": 0.436,
                "y": 0.432
            },
            "esp": 4,
            "p3": {
                "x": 0.5613333333333334,
                "y": 0.502
            },
            "cor": {
                "r": 153,
                "b": 255,
                "g": 153
            },
            "id": "triangulo_2"
        }
    ],
    "ponto": [
        {
            "esp": 21,
            "cor": {
                "r": 0,
                "b": 0,
                "g": 0
            },
            "x": 0.06333333333333334,
            "y": 0.123,
            "id": "ponto_1"
        },
        {
            "esp": 4,
            "cor": {
                "r": 153,
                "b": 255,
                "g": 153
            },
            "x": 0.10666666666666667,
            "y": 0.058,
            "id": "ponto_2"
        }
    ],
    "reta": [
        {
            "p1": {
                "x": 0.196,
                "y": 0.105
            },
            "p2": {
                "x": 0.084,
                "y": 0.251
            },
            "esp": 4,
            "cor": {
                "r": 0,
                "b": 0,
                "g": 0
            },
            "id": "reta_1"
        },
        {
            "p1": {
                "x": 0.24,
                "y": 0.136
            },
            "p2": {
                "x": 0.15533333333333332,
                "y": 0.257
            },
            "esp": 4,
            "cor": {
                "r": 153,
                "b": 255,
                "g": 153
            },
            "id": "reta_2"
        }
    ],
    "mandala": [
        {
            "p1": {
                "x": 0.084,
                "y": 0.644
            },
            "p2": {
                "x": 0.16,
                "y": 0.655
            },
            "cor2": {
                "r": 51,
                "b": 51,
                "g": 51
            },
            "esp": 4,
            "cor1": {
                "r": 51,
                "b": 51,
                "g": 51
            },
            "id": "mandala_1"
        },
        {
            "p1": {
                "x": 0.6286666666666667,
                "y": 0.675
            },
            "p2": {
                "x": 0.654,
                "y": 0.675
            },
            "cor2": {
                "r": 51,
                "b": 51,
                "g": 51
            },
            "esp": 3,
            "cor1": {
                "r": 51,
                "b": 51,
                "g": 51
            },
            "id": "mandala_1"
        }
    ],
    "retangulo": [
        {
            "p1": {
                "x": 0.29733333333333334,
                "y": 0.159
            },
            "p2": {
                "x": 0.382,
                "y": 0.237
            },
            "esp": 4,
            "cor": {
                "r": 153,
                "b": 255,
                "g": 153
            },
            "id": "retangulo_1"
        },
        {
            "p1": {
                "x": 0.4246666666666667,
                "y": 0.158
            },
            "p2": {
                "x": 0.5173333333333333,
                "y": 0.226
            },
            "esp": 4,
            "cor": {
                "r": 153,
                "b": 255,
                "g": 153
            },
            "id": "retangulo_2"
        }
    ],
    "circulo": [{
        "raio": 201.9925741209315,
        "esp": 4,
        "centro": {
            "x": 0.6713333333333333,
            "y": 0.263
        },
        "cor": {
            "r": 153,
            "b": 255,
            "g": 153
        },
        "id": "circulo_1"
    }]
}}