{"desenho": {
    "triangulo": [{
        "p1": {
            "x": 0.3546666666666667,
            "y": 0.107
        },
        "p2": {
            "x": 0.23733333333333334,
            "y": 0.105
        },
        "esp": 2,
        "p3": {
            "x": 0.32666666666666666,
            "y": 0.333
        },
        "cor": {
            "r": 0,
            "b": 0,
            "g": 0
        },
        "id": "triangulo_1"
    }],
    "ponto": [],
    "reta": [],
    "mandala": [],
    "retangulo": [],
    "circulo": []
}}