{"desenho": {
    "triangulo": [
        {
            "p1": {
                "x": 0.15,
                "y": 0.436
            },
            "p2": {
                "x": 0.18933333333333333,
                "y": 0.339
            },
            "esp": 2,
            "p3": {
                "x": 0.25466666666666665,
                "y": 0.435
            },
            "cor": {
                "r": 0,
                "b": 0,
                "g": 0
            },
            "id": "triangulo_1"
        },
        {
            "p1": {
                "x": 0.224,
                "y": 0.251
            },
            "p2": {
                "x": 0.29733333333333334,
                "y": 0.224
            },
            "esp": 2,
            "p3": {
                "x": 0.2986666666666667,
                "y": 0.361
            },
            "cor": {
                "r": 0,
                "b": 0,
                "g": 0
            },
            "id": "triangulo_2"
        }
    ],
    "ponto": [],
    "reta": [],
    "mandala": [],
    "retangulo": [],
    "circulo": []
}}